rank,title,revenue,year,title_clean
1,Star Wars: Episode VII - The Force Awakens,936662225,2015,star wars: episode vii - the force awakens
2,Avengers: Endgame,858373000,2019,avengers: endgame
3,Spider-Man: No Way Home,814866759,2021,spider-man: no way home
4,Avatar,785221649,2009,avatar
5,Top Gun: Maverick,718732821,2022,top gun: maverick
6,Black Panther,700426566,2018,black panther
7,Avatar: The Way of Water,688459501,2022,avatar: the way of water
8,Avengers: Infinity War,678815482,2018,avengers: infinity war
9,Titanic,674354882,1997,titanic
10,Jurassic World,653406625,2015,jurassic world
11,Inside Out 2,652980194,2024,inside out 2
12,Deadpool & Wolverine,636745858,2024,deadpool & wolverine
13,Barbie,636238421,2023,barbie
14,The Avengers,623357910,2012,the avengers
15,Star Wars: Episode VIII - The Last Jedi,620181382,2017,star wars: episode viii - the last jedi
16,Incredibles 2,608581744,2018,incredibles 2
17,The Super Mario Bros. Movie,574934330,2023,the super mario bros. movie
18,The Lion King,543638043,2019,the lion king
19,The Dark Knight,534987076,2008,the dark knight
20,Rogue One: A Star Wars Story,533539991,2016,rogue one: a star wars story
21,Star Wars: Episode IX - The Rise of Skywalker,515202542,2019,star wars: episode ix - the rise of skywalker
22,Beauty and the Beast,504481165,2017,beauty and the beast
23,Star Wars: Episode I - The Phantom Menace,487576624,1999,star wars: episode i - the phantom menace
24,Finding Dory,486295561,2016,finding dory
25,Frozen II,477373578,2019,frozen ii
26,Wicked,474983975,2024,wicked
27,Star Wars: Episode IV - A New Hope,460998507,1977,star wars: episode iv - a new hope
28,Moana 2,460405297,2024,moana 2
29,Avengers: Age of Ultron,459005868,2015,avengers: age of ultron
30,Black Panther: Wakanda Forever,453829060,2022,black panther: wakanda forever
31,The Dark Knight Rises,448149584,2012,the dark knight rises
32,Shrek 2,444978202,2004,shrek 2
33,E.T. the Extra-Terrestrial,439454989,1982,e.t. the extra-terrestrial
34,Toy Story 4,434038008,2019,toy story 4
35,Zootopia 2,428130160,2025,zootopia 2
36,Captain Marvel,426829839,2019,captain marvel
37,The Lion King,424979720,1994,the lion king
38,The Hunger Games: Catching Fire,424668047,2013,the hunger games: catching fire
39,A Minecraft Movie,424087780,2025,a minecraft movie
40,Lilo & Stitch,423778855,2025,lilo & stitch
41,Pirates of the Caribbean: Dead Man's Chest,423315812,2006,pirates of the caribbean: dead man's chest
42,Jurassic World: Fallen Kingdom,417719760,2018,jurassic world: fallen kingdom
43,Toy Story 3,415004880,2010,toy story 3
44,Star Wars: Episode III - Revenge of the Sith,414378291,2005,star wars: episode iii - revenge of the sith
45,Wonder Woman,412845172,2017,wonder woman
46,Doctor Strange in the Multiverse of Madness,411331607,2022,doctor strange in the multiverse of madness
47,Iron Man 3,409013994,2013,iron man 3
48,Spider-Man,408524875,2002,spider-man
49,Captain America: Civil War,408084349,2016,captain america: civil war
50,The Hunger Games,408010692,2012,the hunger games
51,Jurassic Park,407185075,1993,jurassic park
52,Jumanji: Welcome to the Jungle,404540171,2017,jumanji: welcome to the jungle
53,Avatar: Fire and Ash,404328306,2025,avatar: fire and ash
54,Transformers: Revenge of the Fallen,402111870,2009,transformers: revenge of the fallen
55,Frozen,400953009,2013,frozen
56,Spider-Man: Far from Home,391283774,2019,spider-man: far from home
57,Guardians of the Galaxy Vol. 2,389813101,2017,guardians of the galaxy vol. 2
58,The Lord of the Rings: The Return of the King,386975644,2003,the lord of the rings: the return of the king
59,Harry Potter and the Deathly Hallows: Part 2,381884297,2011,harry potter and the deathly hallows: part 2
60,Spider-Man: Across the Spider-Verse,381593754,2023,spider-man: across the spider-verse
61,Finding Nemo,380843261,2003,finding nemo
62,Jurassic World: Dominion,376851080,2022,jurassic world: dominion
63,Spider-Man 2,375087840,2004,spider-man 2
64,The Passion of the Christ,370782930,2004,the passion of the christ
65,Minions: The Rise of Gru,370549695,2022,minions: the rise of gru
66,The Batman,369801546,2022,the batman
67,The Secret Life of Pets,368623860,2016,the secret life of pets
68,Despicable Me 2,368065385,2013,despicable me 2
69,The Jungle Book,364001123,2016,the jungle book
70,Deadpool,363070709,2016,deadpool
71,Despicable Me 4,361004205,2024,despicable me 4
72,Guardians of the Galaxy Vol. 3,358995815,2023,guardians of the galaxy vol. 3
73,Inside Out,356461711,2015,inside out
74,Aladdin,355559216,2019,aladdin
75,Superman,354223803,2025,superman
76,Furious 7,353007020,2015,furious 7
77,Transformers: Dark of the Moon,352390543,2011,transformers: dark of the moon
78,American Sniper,350159020,2014,american sniper
79,The Lord of the Rings: The Two Towers,350104956,2002,the lord of the rings: the two towers
80,Thor: Love and Thunder,343256830,2022,thor: love and thunder
81,Wicked: For Good,342915090,2025,wicked: for good
82,Zootopia,341268248,2016,zootopia
83,Jurassic World: Rebirth,339640400,2025,jurassic world: rebirth
84,Spider-Man 3,338032318,2007,spider-man 3
85,The Hunger Games: Mockingjay - Part 1,337135885,2014,the hunger games: mockingjay - part 1
86,Minions,336045770,2015,minions
87,Joker,335477657,2019,joker
88,Aquaman,335104314,2018,aquaman
89,Spider-Man: Homecoming,334952829,2017,spider-man: homecoming
90,Alice in Wonderland,334191110,2010,alice in wonderland
91,Guardians of the Galaxy,333718600,2014,guardians of the galaxy
92,Forrest Gump,330455270,1994,forrest gump
93,Batman v Superman: Dawn of Justice,330360194,2016,batman v superman: dawn of justice
94,Oppenheimer,330078895,2023,oppenheimer
95,It,328874981,2017,it
96,The Lord of the Rings: The Fellowship of the Ring,325873309,2001,the lord of the rings: the fellowship of the ring
97,Suicide Squad,325100054,2016,suicide squad
98,Deadpool 2,324591735,2018,deadpool 2
99,Shrek the Third,322719944,2007,shrek the third
100,Jumanji: The Next Level,320314960,2019,jumanji: the next level
101,Harry Potter and the Sorcerer's Stone,319765078,2001,harry potter and the sorcerer's stone
102,Transformers,319246193,2007,transformers
103,Iron Man,319034126,2008,iron man
104,Indiana Jones and the Kingdom of the Crystal Skull,317101119,2008,indiana jones and the kingdom of the crystal skull
105,Star Wars: Episode VI - Return of the Jedi,316566101,1983,star wars: episode vi - return of the jedi
106,Thor: Ragnarok,315058289,2017,thor: ragnarok
107,Iron Man 2,312433331,2010,iron man 2
108,Star Wars: Episode II - Attack of the Clones,310676740,2002,star wars: episode ii - attack of the clones
109,Pirates of the Caribbean: At World's End,309420425,2007,pirates of the caribbean: at world's end
110,The Super Mario Galaxy Movie,308117135,2026,the super mario galaxy movie
111,Independence Day,306169268,1996,independence day
112,Pirates of the Caribbean: The Curse of the Black Pearl,305413918,2003,pirates of the caribbean: the curse of the black pearl
113,Skyfall,304360277,2012,skyfall
114,The Hobbit: An Unexpected Journey,303030651,2012,the hobbit: an unexpected journey
115,Harry Potter and the Half-Blood Prince,302334374,2009,harry potter and the half-blood prince
116,The Twilight Saga: Eclipse,300840764,2010,the twilight saga: eclipse
117,The Twilight Saga: New Moon,298410482,2009,the twilight saga: new moon
118,The Little Mermaid,298172056,2023,the little mermaid
119,Harry Potter and the Deathly Hallows: Part 1,296374621,2010,harry potter and the deathly hallows: part 1
120,Beetlejuice Beetlejuice,294100435,2024,beetlejuice beetlejuice
121,The Sixth Sense,293506292,1999,the sixth sense
122,The Twilight Saga: Breaking Dawn - Part 2,293144686,2012,the twilight saga: breaking dawn - part 2
123,Up,293004164,2009,up
124,Star Wars: Episode V - The Empire Strikes Back,292753960,1980,star wars: episode v - the empire strikes back
125,Inception,292587330,2010,inception
126,Harry Potter and the Order of the Phoenix,292382727,2007,harry potter and the order of the phoenix
127,"The Chronicles of Narnia: The Lion, the Witch and the Wardrobe",291710957,2005,"the chronicles of narnia: the lion, the witch and the wardrobe"
128,Harry Potter and the Goblet of Fire,291239805,2005,harry potter and the goblet of fire
129,Man of Steel,291045518,2013,man of steel
130,"Monsters, Inc.",290642256,2001,"monsters, inc."
131,Home Alone,285761243,1990,home alone
132,Dune: Part Two,282144358,2024,dune: part two
133,The Twilight Saga: Breaking Dawn - Part 1,281797623,2011,the twilight saga: breaking dawn - part 1
134,The Hunger Games: Mockingjay - Part 2,281723902,2015,the hunger games: mockingjay - part 2
135,The Matrix Reloaded,281576461,2003,the matrix reloaded
136,Jaws,280083300,1975,jaws
137,Sinners,279989632,2025,sinners
138,Meet the Fockers,279261160,2004,meet the fockers
139,The Hangover,277339746,2009,the hangover
140,The Fantastic Four: First Steps,274286610,2025,the fantastic four: first steps
141,Gravity,274092705,2013,gravity
142,The Grinch,272504456,2018,the grinch
143,Sing,270578425,2016,sing
144,Shrek,268698241,2001,shrek
145,Monsters University,268492764,2013,monsters university
146,Twisters,267762265,2024,twisters
147,How the Grinch Stole Christmas,264965545,2000,how the grinch stole christmas
148,Despicable Me 3,264624300,2017,despicable me 3
149,Harry Potter and the Chamber of Secrets,263094348,2002,harry potter and the chamber of secrets
150,How to Train Your Dragon,262958100,2025,how to train your dragon
151,The Amazing Spider-Man,262782352,2012,the amazing spider-man
152,The Incredibles,261441092,2004,the incredibles
153,Captain America: The Winter Soldier,259766572,2014,captain america: the winter soldier
154,The Hobbit: The Desolation of Smaug,258387334,2013,the hobbit: the desolation of smaug
155,The Lego Movie,257966122,2014,the lego movie
156,Star Trek,257730019,2009,star trek
157,Project Hail Mary,256657974,2026,project hail mary
158,I Am Legend,256393010,2007,i am legend
159,The Blind Side,255982860,2009,the blind side
160,The Hobbit: The Battle of the Five Armies,255138261,2014,the hobbit: the battle of the five armies
161,Mufasa: The Lion King,254567693,2024,mufasa: the lion king
162,The Hangover Part II,254464305,2011,the hangover part ii
163,Despicable Me,251683815,2010,despicable me
164,Batman,251409241,1989,batman
165,Night at the Museum,250863268,2006,night at the museum
166,Men in Black,250690539,1997,men in black
167,Harry Potter and the Prisoner of Azkaban,250657586,2016,harry potter and the prisoner of azkaban
168,Moana,248757044,2016,moana
169,Raiders of the Lost Ark,248159971,1981,raiders of the lost ark
170,Toy Story 2,245852179,1999,toy story 2
171,Transformers: Age of Extinction,245439076,2014,transformers: age of extinction
172,Cars,244082982,2006,cars
173,Ghostbusters,243640120,1984,ghostbusters
174,Bruce Almighty,242829261,2003,bruce almighty
175,Twister,241830615,1996,twister
176,My Big Fat Greek Wedding,241438208,2002,my big fat greek wedding
177,Maleficent,241410378,2014,maleficent
178,Pirates of the Caribbean: On Stranger Tides,241071802,2011,pirates of the caribbean: on stranger tides
179,Shrek Forever After,238736787,2010,shrek forever after
180,Fast & Furious 6,238679850,2013,fast & furious 6
181,Brave,237283207,2012,brave
182,Sonic the Hedgehog 3,236115100,2024,sonic the hedgehog 3
183,Oz the Great and Powerful,234911825,2013,oz the great and powerful
184,Beverly Hills Cop,234760478,1984,beverly hills cop
185,X-Men: The Last Stand,234362462,2006,x-men: the last stand
186,War of the Worlds,234280354,2005,war of the worlds
187,Fantastic Beasts and Where to Find Them,234037575,2016,fantastic beasts and where to find them
188,X-Men: Days of Future Past,233921534,2014,x-men: days of future past
189,Cast Away,233632142,2000,cast away
190,The Exorcist,233005644,1973,the exorcist
191,Doctor Strange,232641920,2016,doctor strange
192,Toy Story,229947062,1995,toy story
193,The Lost World: Jurassic Park,229086679,1997,the lost world: jurassic park
194,Justice League,229024295,2017,justice league
195,Star Trek Into Darkness,228778661,2013,star trek into darkness
196,The Martian,228433663,2015,the martian
197,Signs,227966634,2002,signs
198,Hancock,227946274,2008,hancock
199,The Bourne Ultimatum,227471070,2007,the bourne ultimatum
200,Logan,226277068,2017,logan
201,Rush Hour 2,226164286,2001,rush hour 2
202,The Fate of the Furious,226008385,2017,the fate of the furious
203,Shang-Chi and the Legend of the Ten Rings,224543292,2021,shang-chi and the legend of the ten rings
204,WALL·E,223808164,2008,wall·e
205,Big Hero 6,222527828,2014,big hero 6
206,Back to the Future,222476852,1985,back to the future
207,Mission: Impossible - Fallout,220159104,2018,mission: impossible - fallout
208,National Treasure: Book of Secrets,219964115,2007,national treasure: book of secrets
209,Alvin and the Chipmunks: The Squeakquel,219614612,2009,alvin and the chipmunks: the squeakquel
210,Mrs. Doubtfire,219195243,1993,mrs. doubtfire
211,Beauty and the Beast,218967620,1991,beauty and the beast
212,Ted,218815487,2012,ted
213,Wonka,218402312,2023,wonka
214,King Kong,218080025,2005,king kong
215,Ghost,217631306,1990,ghost
216,How to Train Your Dragon,217581231,2010,how to train your dragon
217,The Da Vinci Code,217536138,2006,the da vinci code
218,Aladdin,217350219,1992,aladdin
219,Alvin and the Chipmunks,217326974,2007,alvin and the chipmunks
220,Saving Private Ryan,217049603,1998,saving private ryan
221,Bohemian Rhapsody,216668042,2018,bohemian rhapsody
222,Ant-Man and the Wasp,216648740,2018,ant-man and the wasp
223,Madagascar 3: Europe's Most Wanted,216391482,2012,madagascar 3: europe's most wanted
224,Kung Fu Panda,216064546,2008,kung fu panda
225,Mission: Impossible II,215409889,2000,mission: impossible ii
226,A Star Is Born,215333122,2018,a star is born
227,X2: X-Men United,214949694,2003,x2: x-men united
228,Ant-Man and the Wasp: Quantumania,214504909,2023,ant-man and the wasp: quantumania
229,The Lorax,214494550,2012,the lorax
230,Solo: A Star Wars Story,213767512,2018,solo: a star wars story
231,Venom: Let There Be Carnage,213550366,2021,venom: let there be carnage
232,Venom,213515506,2018,venom
233,Austin Powers in Goldmember,213307889,2002,austin powers in goldmember
234,It: Chapter Two,211622525,2019,it: chapter two
235,300,210629101,2007,300
236,Coco,210460015,2017,coco
237,Fast Five,209837675,2011,fast five
238,Mission: Impossible - Ghost Protocol,209397903,2011,mission: impossible - ghost protocol
239,Wedding Crashers,209273411,2005,wedding crashers
240,Sherlock Holmes,209028679,2009,sherlock holmes
241,Dawn of the Planet of the Apes,208545589,2014,dawn of the planet of the apes
242,Batman Begins,206863479,2005,batman begins
243,Charlie and the Chocolate Factory,206459076,2005,charlie and the chocolate factory
244,Ratatouille,206445654,2007,ratatouille
245,Thor: The Dark World,206362140,2013,thor: the dark world
246,Bad Boys for Life,206305244,2020,bad boys for life
247,Austin Powers: The Spy Who Shagged Me,206040086,1999,austin powers: the spy who shagged me
248,Terminator 2: Judgment Day,205881154,1991,terminator 2: judgment day
249,The Amazing Spider-Man 2,203605622,2014,the amazing spider-man 2
250,Interstellar,203227580,2014,interstellar
251,World War Z,202807711,2013,world war z
252,The Mummy Returns,202804895,2001,the mummy returns
253,Armageddon,201578182,1998,armageddon
254,Cinderella,201151353,2015,cinderella
255,Ralph Breaks the Internet,201091711,2018,ralph breaks the internet
256,Gone with the Wind,200882193,1939,gone with the wind
257,Tangled,200821936,2010,tangled
258,Godzilla,200676069,2014,godzilla
259,Captain America: Brave New World,200500001,2025,captain america: brave new world
260,Superman Returns,200081192,2006,superman returns
261,Spectre,200074609,2015,spectre
262,Pearl Harbor,198542554,2001,pearl harbor
263,Monsters vs. Aliens,198351526,2009,monsters vs. aliens
264,Happy Feet,198000317,2006,happy feet
265,Mission: Impossible - The Final Reckoning,197413515,2025,mission: impossible - the final reckoning
266,Indiana Jones and the Last Crusade,197171806,1989,indiana jones and the last crusade
267,Ice Age: Dawn of the Dinosaurs,196573705,2009,ice age: dawn of the dinosaurs
268,Godzilla x Kong: The New Empire,196350016,2024,godzilla x kong: the new empire
269,Twilight,195553813,2008,twilight
270,Ice Age 2: The Meltdown,195330621,2006,ice age 2: the meltdown
271,Mission: Impossible - Rogue Nation,195042377,2015,mission: impossible - rogue nation
272,Madagascar,194820396,2005,madagascar
273,Men in Black II,193735288,2002,men in black ii
274,Kung Fu Panda 4,193590620,2024,kung fu panda 4
275,Bad Boys: Ride or Die,193573217,2024,bad boys: ride or die
276,22 Jump Street,191719337,2014,22 jump street
277,Cars 2,191452396,2011,cars 2
278,Teenage Mutant Ninja Turtles,191204754,2014,teenage mutant ninja turtles
279,The Polar Express,191019448,2005,the polar express
280,Sonic the Hedgehog 2,190872904,2022,sonic the hedgehog 2
281,Thunderbolts*,190274328,2025,thunderbolts*
282,Spider-Man: Into the Spider-Verse,190241310,2018,spider-man: into the spider-verse
283,Grease,190071103,1978,grease
284,Dunkirk,189740665,2017,dunkirk
285,F1: The Movie,189642436,2025,f1: the movie
286,Wreck-It Ralph,189422889,2012,wreck-it ralph
287,A Quiet Place,188024361,2018,a quiet place
288,Gladiator,187705427,2000,gladiator
289,The Croods,187168425,2013,the croods
290,John Wick: Chapter 4,187131806,2023,john wick: chapter 4
291,Sherlock Holmes: A Game of Shadows,186848418,2011,sherlock holmes: a game of shadows
292,The Day After Tomorrow,186740799,2004,the day after tomorrow
293,Mr. & Mrs. Smith,186336279,2005,mr. & mrs. smith
294,Puss in Boots: The Last Wish,186090535,2022,puss in boots: the last wish
295,Snow White and the Seven Dwarfs,184925486,1937,snow white and the seven dwarfs
296,Pitch Perfect 2,184296230,2015,pitch perfect 2
297,The Revenant,184247394,2015,the revenant
298,Dances with Wolves,184208848,1990,dances with wolves
299,Sound of Freedom,184178046,2023,sound of freedom
300,Batman Forever,184069126,1995,batman forever
301,The Fugitive,183875760,1993,the fugitive
302,Black Widow,183651655,2021,black widow
303,Ocean's Eleven,183417150,2001,ocean's eleven
304,The Simpsons Movie,183135014,2007,the simpsons movie
305,What Women Want,182811707,2000,what women want
306,The Perfect Storm,182618434,2000,the perfect storm
307,Lincoln,182207973,2012,lincoln
308,Liar Liar,181410615,1997,liar liar
309,Jurassic Park III,181171875,2001,jurassic park iii
310,Thor,181030624,2011,thor
311,Mission: Impossible,180981856,1996,mission: impossible
312,Taylor Swift: The Eras Tour,180756269,2023,taylor swift: the eras tour
313,Top Gun,180258178,1986,top gun
314,Ant-Man,180202163,2015,ant-man
315,Planet of the Apes,180011740,2001,planet of the apes
316,Madagascar: Escape 2 Africa,180010950,2008,madagascar: escape 2 africa
317,X-Men Origins: Wolverine,179883157,2009,x-men origins: wolverine
318,Indiana Jones and the Temple of Doom,179870271,1984,indiana jones and the temple of doom
319,Elf,179757261,2003,elf
320,Hitch,179495555,2005,hitch
321,Men in Black³,179020854,2012,men in black³
322,Pretty Woman,178406268,1990,pretty woman
323,The Conjuring: Last Rites,177756445,2025,the conjuring: last rites
324,The Matrix,177559005,1999,the matrix
325,Home,177397510,2015,home
326,Night at the Museum: Battle of the Smithsonian,177243721,2009,night at the museum: battle of the smithsonian
327,Tootsie,177200000,1982,tootsie
328,How to Train Your Dragon 2,177002924,2014,how to train your dragon 2
329,Rise of the Planet of the Apes,176760185,2011,rise of the planet of the apes
330,Captain America: The First Avenger,176654505,2011,captain america: the first avenger
331,The Karate Kid,176591618,2010,the karate kid
332,There's Something About Mary,176484651,1998,there's something about mary
333,Ice Age,176387405,2002,ice age
334,The Bourne Supremacy,176241941,2004,the bourne supremacy
335,Get Out,176196665,2017,get out
336,The Lego Batman Movie,175936671,2017,the lego batman movie
337,Us,175084580,2019,us
338,The Boss Baby,175003033,2017,the boss baby
339,Crazy Rich Asians,174837452,2018,crazy rich asians
340,Crocodile Dundee,174803506,1986,crocodile dundee
341,Apollo 13,174692658,1995,apollo 13
342,Indiana Jones and the Dial of Destiny,174480468,2023,indiana jones and the dial of destiny
343,The Greatest Showman,174340174,2017,the greatest showman
344,Fast & Furious Presents: Hobbs & Shaw,173956935,2019,fast & furious presents: hobbs & shaw
345,Home Alone 2: Lost in New York,173585516,1992,home alone 2: lost in new york
346,National Treasure,173008894,2004,national treasure
347,F9: The Fast Saga,173005945,2021,f9: the fast saga
348,Air Force One,172956409,1997,air force one
349,Rain Man,172825435,1988,rain man
350,Mission: Impossible - Dead Reckoning Part One,172640980,2023,mission: impossible - dead reckoning part one
351,Pirates of the Caribbean: Dead Men Tell No Tales,172558876,2017,pirates of the caribbean: dead men tell no tales
352,Gladiator II,172438016,2024,gladiator ii
353,Tron: Legacy,172062763,2010,tron: legacy
354,Mary Poppins Returns,171958438,2018,mary poppins returns
355,True Grit,171243005,2010,true grit
356,Kingdom of the Planet of the Apes,171130165,2024,kingdom of the planet of the apes
357,Tarzan,171091819,1999,tarzan
358,John Wick: Chapter 3 - Parabellum,171015687,2019,john wick: chapter 3 - parabellum
359,A Beautiful Mind,170742341,2001,a beautiful mind
360,Chicago,170687518,2002,chicago
361,The Help,169708112,2011,the help
362,Hotel Transylvania 2,169700110,2015,hotel transylvania 2
363,Hidden Figures,169607287,2016,hidden figures
364,Bridesmaids,169451048,2011,bridesmaids
365,Quantum of Solace,168368427,2008,quantum of solace
366,Wild Hogs,168273550,2007,wild hogs
367,Black Adam,168152111,2022,black adam
368,Kong: Skull Island,168052812,2017,kong: skull island
369,Three Men and a Baby,167780960,1987,three men and a baby
370,Gone Girl,167767189,2014,gone girl
371,Hotel Transylvania 3: Summer Vacation,167510016,2018,hotel transylvania 3: summer vacation
372,Casino Royale,167445960,2006,casino royale
373,The Hunger Games: The Ballad of Songbirds & Snakes,166350594,2023,the hunger games: the ballad of songbirds & snakes
374,Meet the Parents,166244045,2000,meet the parents
375,Fifty Shades of Grey,166167230,2015,fifty shades of grey
376,2012,166112167,2009,2012
377,Robin Hood: Prince of Thieves,165493908,1991,robin hood: prince of thieves
378,Knives Out,165363234,2019,knives out
379,Kung Fu Panda 2,165249063,2011,kung fu panda 2
380,Hannibal,165092268,2001,hannibal
381,Eternals,164870234,2021,eternals
382,Catch Me If You Can,164615351,2002,catch me if you can
383,The Proposal,163958031,2009,the proposal
384,The Pursuit of Happyness,163566459,2006,the pursuit of happyness
385,Big Daddy,163479795,1999,big daddy
386,Clash of the Titans,163214888,2010,clash of the titans
387,The SpongeBob Movie: Sponge Out of Water,162994032,2015,the spongebob movie: sponge out of water
388,Batman Returns,162924631,1992,batman returns
389,Django Unchained,162805434,2012,django unchained
390,A Bug's Life,162798565,1998,a bug's life
391,Sing 2,162790990,2021,sing 2
392,Jason Bourne,162434410,2016,jason bourne
393,Grown Ups,162001186,2010,grown ups
394,The Waterboy,161491646,1998,the waterboy
395,Ice Age: Continental Drift,161321843,2012,ice age: continental drift
396,Straight Outta Compton,161197785,2015,straight outta compton
397,How to Train Your Dragon: The Hidden World,160945505,2019,how to train your dragon: the hidden world
398,Die Another Day,160942139,2002,die another day
399,No Time to Die,160891007,2021,no time to die
400,The Sound of Music,160888776,1965,the sound of music
401,Shark Tale,160861908,2004,shark tale
402,A Quiet Place Part II,160072261,2021,a quiet place part ii
403,The Heat,159582188,2013,the heat
404,Fantastic Beasts: The Crimes of Grindelwald,159555901,2018,fantastic beasts: the crimes of grindelwald
405,Halloween,159342015,2018,halloween
406,1917,159227644,2019,1917
407,The Secret Life of Pets 2,158980250,2019,the secret life of pets 2
408,Star Trek Beyond,158848340,2016,star trek beyond
409,The Firm,158348367,1993,the firm
410,The Longest Yard,158119460,2005,the longest yard
411,Transformers: Rise of the Beasts,157341749,2023,transformers: rise of the beasts
412,X-Men,157299718,2000,x-men
413,Hoppers,157122859,2026,hoppers
414,The Mummy,157095368,1999,the mummy
415,Scary Movie,157019771,2000,scary movie
416,Fatal Attraction,156645693,1987,fatal attraction
417,Who Framed Roger Rabbit,156452370,1988,who framed roger rabbit
418,Creed III,156248615,2023,creed iii
419,The Sting,156000000,1973,the sting
420,What Lies Beneath,155464351,2000,what lies beneath
421,X-Men: Apocalypse,155442489,2016,x-men: apocalypse
422,Snow White and the Huntsman,155332381,2012,snow white and the huntsman
423,San Andreas,155190832,2015,san andreas
424,Fast & Furious,155064265,2009,fast & furious
425,Over the Hedge,155019340,2006,over the hedge
426,Fantastic Four,154696080,2005,fantastic four
427,Horton Hears a Who!,154529439,2008,horton hears a who!
428,Elemental,154426697,2023,elemental
429,Mad Max: Fury Road,154280290,2015,mad max: fury road
430,Trolls,154174089,2016,trolls
431,Jerry Maguire,153952592,1996,jerry maguire
432,Beverly Hills Cop II,153665036,1987,beverly hills cop ii
433,Gremlins,153642180,1984,gremlins
434,Scooby-Doo,153322074,2002,scooby-doo
435,Cars 3,152901115,2017,cars 3
436,Sex and the City,152647258,2008,sex and the city
437,Runaway Bride,152257509,1999,runaway bride
438,Weapons,151572492,2025,weapons
439,La La Land,151101803,2016,la la land
440,Elvis,151040048,2022,elvis
441,Divergent,150947895,2014,divergent
442,Rambo: First Blood Part II,150415432,1985,rambo: first blood part ii
443,We're the Millers,150394119,2013,we're the millers
444,Terminator 3: Rise of the Machines,150371112,2003,terminator 3: rise of the machines
445,Daddy's Home,150357137,2015,daddy's home
446,G.I. Joe: The Rise of Cobra,150201498,2009,g.i. joe: the rise of cobra
447,Neighbors,150157400,2014,neighbors
448,American Hustle,150117807,2013,american hustle
449,Puss in Boots,149260504,2011,puss in boots
450,Les Misérables,149260140,2012,les misérables
451,Sonic the Hedgehog,148974665,2020,sonic the hedgehog
452,Knocked Up,148768917,2007,knocked up
453,Uncharted,148648820,2022,uncharted
454,It Ends with Us,148518266,2024,it ends with us
455,As Good as It Gets,148478011,1997,as good as it gets
456,Little Fockers,148438600,2010,little fockers
457,Hotel Transylvania,148426305,2012,hotel transylvania
458,Megamind,148415853,2010,megamind
459,Talladega Nights: The Ballad of Ricky Bobby,148213377,2006,talladega nights: the ballad of ricky bobby
460,Gran Torino,148095302,2008,gran torino
461,Lethal Weapon 2,147253986,1989,lethal weapon 2
462,War for the Planet of the Apes,146880162,2017,war for the planet of the apes
463,X-Men: First Class,146408305,2011,x-men: first class
464,Paul Blart: Mall Cop,146336178,2009,paul blart: mall cop
465,True Lies,146282411,1994,true lies
466,Fast X,146126015,2023,fast x
467,Lilo & Stitch,145794338,2002,lilo & stitch
468,The Santa Clause,145539357,1994,the santa clause
469,The Meg,145522784,2018,the meg
470,American Pie 2,145103595,2001,american pie 2
471,Taken,145000989,2009,taken
472,One Hundred and One Dalmatians,144880014,1961,one hundred and one dalmatians
473,The Great Gatsby,144857996,2013,the great gatsby
474,"I, Robot",144801023,2004,"i, robot"
475,The Fast and the Furious,144745925,2001,the fast and the furious
476,Lethal Weapon 3,144731527,1992,lethal weapon 3
477,Mamma Mia!,144330569,2008,mamma mia!
478,Pokémon: Detective Pikachu,144174568,2019,pokémon: detective pikachu
479,Doctor Dolittle,144156605,1998,doctor dolittle
480,The Wild Robot,143901945,2024,the wild robot
481,Rio,143619809,2011,rio
482,Kung Fu Panda 3,143528619,2016,kung fu panda 3
483,Juno,143495265,2007,juno
484,Marley & Me,143153751,2008,marley & me
485,The Smurfs,142614158,2011,the smurfs
486,Once Upon a Time... in Hollywood,142502728,2019,once upon a time... in hollywood
487,xXx,142109382,2002,xxx
488,The Jungle Book,141843612,1967,the jungle book
489,The Chronicles of Narnia: Prince Caspian,141621490,2008,the chronicles of narnia: prince caspian
490,National Lampoon's Animal House,141600000,1978,national lampoon's animal house
491,Pocahontas,141579773,1995,pocahontas
492,A Few Good Men,141340178,1992,a few good men
493,Slumdog Millionaire,141319928,2008,slumdog millionaire
494,Rush Hour,141186864,1998,rush hour
495,The Blair Witch Project,140539099,1999,the blair witch project
496,Shazam!,140480049,2019,shazam!
497,Deep Impact,140464664,1998,deep impact
498,Ocean's Eight,140295726,2018,ocean's eight
499,Rush Hour 3,140125968,2007,rush hour 3
500,Look Who's Talking,140088813,1989,look who's talking
501,Stuart Little,140035367,1999,stuart little
502,Taken 2,139854287,2012,taken 2
503,Venom: The Last Dance,139755882,2024,venom: the last dance
504,Sister Act,139605150,1992,sister act
505,The Matrix Revolutions,139313948,2003,the matrix revolutions
506,The Santa Clause 2,139236327,2002,the santa clause 2
507,A Quiet Place: Day One,139051884,2024,a quiet place: day one
508,The King's Speech,138797449,2010,the king's speech
509,Cheaper by the Dozen,138614544,2003,cheaper by the dozen
510,Bad Boys II,138608444,2003,bad boys ii
511,Platoon,138530565,1986,platoon
512,21 Jump Street,138447667,2012,21 jump street
513,Good Will Hunting,138433435,1997,good will hunting
514,Split,138291365,2017,split
515,Final Destination: Bloodlines,138254739,2025,final destination: bloodlines
516,A Christmas Carol,137855863,2009,a christmas carol
517,Dinosaur,137748063,2000,dinosaur
518,Ready Player One,137715350,2018,ready player one
519,The Conjuring,137446368,2013,the conjuring
520,Click,137355633,2006,click
521,Five Nights at Freddy's,137275620,2023,five nights at freddy's
522,Demon Slayer: Kimetsu No Yaiba Infinity Castle,136950340,2025,demon slayer: kimetsu no yaiba infinity castle
523,The Green Mile,136801374,1999,the green mile
524,Ransom,136492681,1996,ransom
525,The Godfather,136381073,1972,the godfather
526,Godzilla,136314294,1998,godzilla
527,101 Dalmatians,136189294,1996,101 dalmatians
528,Argo,136025503,2012,argo
529,Anger Management,135645823,2003,anger management
530,Chicken Little,135386665,2005,chicken little
531,Teenage Mutant Ninja Turtles,135384756,1990,teenage mutant ninja turtles
532,Close Encounters of the Third Kind,135189114,1977,close encounters of the third kind
533,Patch Adams,135026902,1998,patch adams
534,Ride Along,134938200,2014,ride along
535,The Incredible Hulk,134806913,2008,the incredible hulk
536,Live Free or Die Hard,134529403,2007,live free or die hard
537,Wanted,134508551,2008,wanted
538,Identity Thief,134506920,2013,identity thief
539,Superman,134478449,1978,superman
540,The Rock,134069511,1996,the rock
541,Mission: Impossible III,134029801,2006,mission: impossible iii
542,Grown Ups 2,133668525,2013,grown ups 2
543,Troy,133378256,2004,troy
544,Angels & Demons,133375846,2009,angels & demons
545,Alvin and the Chipmunks: Chipwrecked,133110742,2011,alvin and the chipmunks: chipwrecked
546,Bringing Down the House,132716677,2003,bringing down the house
547,The Wolverine,132556852,2013,the wolverine
548,Wonder,132422809,2017,wonder
549,The Departed,132399394,2006,the departed
550,Hulk,132177234,2003,hulk
551,Silver Linings Playbook,132092958,2012,silver linings playbook
552,Minority Report,132072926,2002,minority report
553,Fantastic Four: Rise of the Silver Surfer,131921738,2007,fantastic four: rise of the silver surfer
554,The Last Airbender,131772187,2010,the last airbender
555,Rio 2,131538435,2014,rio 2
556,Lara Croft: Tomb Raider,131168070,2001,lara croft: tomb raider
557,The Silence of the Lambs,130742922,1991,the silence of the lambs
558,"Honey, I Shrunk the Kids",130724172,1989,"honey, i shrunk the kids"
559,The Flintstones,130531208,1994,the flintstones
560,Lethal Weapon 4,130444603,1998,lethal weapon 4
561,Get Smart,130319208,2008,get smart
562,The Divergent Series: Insurgent,130179072,2015,the divergent series: insurgent
563,The Peanuts Movie,130178411,2015,the peanuts movie
564,Transformers: The Last Knight,130168683,2017,transformers: the last knight
565,American Gangster,130164645,2007,american gangster
566,American Beauty,130096601,1999,american beauty
567,An Officer and a Gentleman,129795554,1982,an officer and a gentleman
568,Ghostbusters: Afterlife,129471867,2021,ghostbusters: afterlife
569,The Ring,129128133,2002,the ring
570,The Nutty Professor,128814019,1996,the nutty professor
571,"Crouching Tiger, Hidden Dragon",128530421,2000,"crouching tiger, hidden dragon"
572,Borat,128505958,2006,borat
573,Ghostbusters,128350574,2016,ghostbusters
574,Kingsman: The Secret Service,128261724,2015,kingsman: the secret service
575,Robots,128200012,2005,robots
576,Coming to America,128152301,1988,coming to america
577,Shutter Island,128012934,2010,shutter island
578,Into the Woods,128002372,2014,into the woods
579,Rocky IV,127873716,1985,rocky iv
580,Enchanted,127807262,2007,enchanted
581,Five Nights at Freddy's 2,127730290,2025,five nights at freddy's 2
582,Migration,127630880,2023,migration
583,The Curious Case of Benjamin Button,127509326,2008,the curious case of benjamin button
584,Central Intelligence,127440871,2016,central intelligence
585,Anchorman 2: The Legend Continues,127352707,2013,anchorman 2: the legend continues
586,Sweet Home Alabama,127223418,2002,sweet home alabama
587,Bumblebee,127195589,2018,bumblebee
588,Dumb and Dumber,127190327,1994,dumb and dumber
589,2 Fast 2 Furious,127154901,2003,2 fast 2 furious
590,My Best Friend's Wedding,127120029,1997,my best friend's wedding
591,Super 8,127004179,2011,super 8
592,The World Is Not Enough,126943684,1999,the world is not enough
593,Sleepless in Seattle,126808165,1993,sleepless in seattle
594,Smokey and the Bandit,126737428,1977,smokey and the bandit
595,Lucy,126663600,2014,lucy
596,The Legend of Tarzan,126643061,2016,the legend of tarzan
597,Bee Movie,126631277,2007,bee movie
598,Prometheus,126477084,2012,prometheus
599,The Housemaid,126432462,2025,the housemaid
600,Safe House,126373434,2012,safe house
601,Mr. Deeds,126293452,2002,mr. deeds
602,The Truman Show,125618201,1998,the truman show
603,Erin Brockovich,125595205,2000,erin brockovich
604,Ocean's Twelve,125544280,2004,ocean's twelve
605,Terminator Salvation,125322469,2009,terminator salvation
606,Charlie's Angels,125305545,2000,charlie's angels
607,Tomorrow Never Dies,125304276,1997,tomorrow never dies
608,Lone Survivor,125095601,2013,lone survivor
609,Sully,125070033,2016,sully
610,Rocky III,125049125,1982,rocky iii
611,The Vow,125014030,2012,the vow
612,Life of Pi,124987023,2012,life of pi
613,The Fault in Our Stars,124872350,2014,the fault in our stars
614,Cloudy with a Chance of Meatballs,124870275,2009,cloudy with a chance of meatballs
615,The Devil Wears Prada,124740460,2006,the devil wears prada
616,Something's Gotta Give,124728738,2003,something's gotta give
617,Aquaman and the Lost Kingdom,124481226,2023,aquaman and the lost kingdom
618,Traffic,124115725,2000,traffic
619,The Birdcage,124060553,1996,the birdcage
620,City Slickers,124033791,1991,city slickers
621,"Good Morning, Vietnam",123922370,1987,"good morning, vietnam"
622,Rango,123477607,2011,rango
623,Nutty Professor II: The Klumps,123309890,2000,nutty professor ii: the klumps
624,Nope,123277080,2022,nope
625,The Good Dinosaur,123087120,2015,the good dinosaur
626,G.I. Joe: Retaliation,122523060,2013,g.i. joe: retaliation
627,Clear and Present Danger,122187717,1994,clear and present danger
628,The Bodyguard,122046449,1992,the bodyguard
629,The Hunt for Red October,122012643,1990,the hunt for red october
630,Wayne's World,121697323,1992,wayne's world
631,The Bourne Identity,121661683,2002,the bourne identity
632,Free Guy,121626598,2021,free guy
633,Scream 7,121482103,2026,scream 7
634,Superbad,121463226,2007,superbad
635,Speed,121248145,1994,speed
636,50 First Dates,120908074,2004,50 first dates
637,Mamma Mia! Here We Go Again,120634935,2018,mamma mia! here we go again
638,Mulan,120620254,1998,mulan
639,Inglourious Basterds,120540719,2009,inglourious basterds
640,Seabiscuit,120277854,2003,seabiscuit
641,Van Helsing,120177084,2004,van helsing
642,Four Christmases,120146040,2008,four christmases
643,I Now Pronounce You Chuck & Larry,120059556,2007,i now pronounce you chuck & larry
644,The Mask,119938730,1994,the mask
645,Cloudy with a Chance of Meatballs 2,119793567,2013,cloudy with a chance of meatballs 2
646,Hook,119654823,1991,hook
647,Blazing Saddles,119616663,1974,blazing saddles
648,Walk the Line,119519402,2005,walk the line
649,G-Force,119436770,2009,g-force
650,Total Recall,119412921,1990,total recall
651,Back to the Future Part II,119361197,1989,back to the future part ii
652,On Golden Pond,119285432,1981,on golden pond
653,The Other Guys,119219978,2010,the other guys
654,Fahrenheit 9/11,119194771,2004,fahrenheit 9/11
655,Hairspray,118946291,2007,hairspray
656,The Sum of All Fears,118907036,2002,the sum of all fears
657,The Break-Up,118703275,2006,the break-up
658,Teenage Mutant Ninja Turtles: Mutant Mayhem,118700272,2023,teenage mutant ninja turtles: mutant mayhem
659,A Series of Unfortunate Events,118634549,2004,a series of unfortunate events
660,Blades of Glory,118594548,2007,blades of glory
661,Salt,118311368,2010,salt
662,Lightyear,118307188,2022,lightyear
663,Basic Instinct,117727224,1992,basic instinct
664,Now You See Me,117723989,2013,now you see me
665,Ford v Ferrari,117624357,2019,ford v ferrari
666,Big Momma's House,117559438,2000,big momma's house
667,Die Hard 2,117540947,1990,die hard 2
668,Horrible Bosses,117538559,2011,horrible bosses
669,The Nun,117481222,2018,the nun
670,Rocky,117235147,1976,rocky
671,Jackass 3D,117229692,2010,jackass 3d
672,Ocean's Thirteen,117154724,2007,ocean's thirteen
673,Jungle Cruise,116987516,2021,jungle cruise
674,S.W.A.T.,116934650,2003,s.w.a.t.
675,The Wolf of Wall Street,116900694,2013,the wolf of wall street
676,Coraline,116896576,2009,coraline
677,8 Mile,116750901,2002,8 mile
678,Double Jeopardy,116741558,1999,double jeopardy
679,The Butler,116632095,2013,the butler
680,Green Lantern,116601172,2011,green lantern
681,Notting Hill,116089678,1999,notting hill
682,The Towering Inferno,116000000,1974,the towering inferno
683,You've Got Mail,115821495,1998,you've got mail
684,Ghost Rider,115802596,2007,ghost rider
685,Remember the Titans,115719751,2000,remember the titans
686,Creed II,115715889,2018,creed ii
687,The Rocky Horror Picture Show,115670886,1975,the rocky horror picture show
688,District 9,115646235,2009,district 9
689,Unbroken,115637895,2014,unbroken
690,Peter Rabbit,115253424,2018,peter rabbit
691,Big,115227281,1988,big
692,Girls Trip,115171585,2017,girls trip
693,The Karate Kid Part II,115103979,1986,the karate kid part ii
694,American Graffiti,115000000,1973,american graffiti
695,Dumbo,114766307,2019,dumbo
696,Fifty Shades Darker,114581250,2017,fifty shades darker
697,Dodgeball: A True Underdog Story,114326736,2004,dodgeball: a true underdog story
698,The Village,114197520,2004,the village
699,Bolt,114053579,2008,bolt
700,Maleficent: Mistress of Evil,113929605,2019,maleficent: mistress of evil
701,Wild Wild West,113804681,1999,wild wild west
702,Magic Mike,113781613,2012,magic mike
703,Night at the Museum: Secret of the Tomb,113746621,2014,night at the museum: secret of the tomb
704,The Addams Family,113502426,1991,the addams family
705,Ghostbusters: Frozen Empire,113376590,2024,ghostbusters: frozen empire
706,The Patriot,113330342,2000,the patriot
707,Bad Moms,113257297,2016,bad moms
708,The Bourne Legacy,113203870,2012,the bourne legacy
709,The Pacifier,113086868,2005,the pacifier
710,Dr. Dolittle 2,112952899,2001,dr. dolittle 2
711,It's Complicated,112735375,2009,it's complicated
712,Spy Kids,112719001,2001,spy kids
713,Ghostbusters II,112494738,1989,ghostbusters ii
714,Face/Off,112276146,1997,face/off
715,The Hangover Part III,112200072,2013,the hangover part iii
716,Twins,111938388,1988,twins
717,Spy Kids 3: Game Over,111761982,2003,spy kids 3: game over
718,Doctor Zhivago,111721910,1965,doctor zhivago
719,Enemy of the State,111549836,1998,enemy of the state
720,The Little Mermaid,111543479,1989,the little mermaid
721,Mr. Peabody & Sherman,111506430,2014,mr. peabody & sherman
722,IF,111375918,2024,if
723,Porky's,111289673,1982,porky's
724,The Last Samurai,111127263,2003,the last samurai
725,Glass,111048468,2019,glass
726,Spy,110825712,2015,spy
727,Valentine's Day,110528528,2010,valentine's day
728,Tropic Thunder,110515313,2008,tropic thunder
729,Godzilla: King of the Monsters,110500138,2019,godzilla: king of the monsters
730,The Grudge,110359362,2004,the grudge
731,Fun with Dick and Jane,110332737,2005,fun with dick and jane
732,Freaky Friday,110230332,2003,freaky friday
733,Trainwreck,110225700,2015,trainwreck
734,Bedtime Stories,110101975,2008,bedtime stories
735,Scary Movie 3,110003217,2003,scary movie 3
736,Creed,109778883,2015,creed
737,Star Trek IV: The Voyage Home,109713132,1986,star trek iv: the voyage home
738,The 40-Year-Old Virgin,109484237,2005,the 40-year-old virgin
739,Crocodile Dundee II,109306210,1988,crocodile dundee ii
740,Couples Retreat,109204945,2009,couples retreat
741,One Flew Over the Cuckoo's Nest,108981275,1975,one flew over the cuckoo's nest
742,Dune: Part One,108897830,2021,dune: part one
743,A Time to Kill,108766007,1996,a time to kill
744,Black Hawk Down,108638745,2001,black hawk down
745,Hop,108498305,2011,hop
746,Terms of Endearment,108423489,1983,terms of endearment
747,Scream VI,108391107,2023,scream vi
748,Ace Ventura: When Nature Calls,108385533,1995,ace ventura: when nature calls
749,The Upside,108252517,2019,the upside
750,The Princess Diaries,108248956,2001,the princess diaries
751,Superman II,108185706,1981,superman ii
752,The Flash,108133313,2023,the flash
753,Little Women,108101214,2019,little women
754,Pulp Fiction,107928762,1994,pulp fiction
755,Paranormal Activity,107918810,2009,paranormal activity
756,Baby Driver,107825862,2017,baby driver
757,Black Swan,107770258,2010,black swan
758,A League of Their Own,107533928,1992,a league of their own
759,Epic,107518682,2013,epic
760,Watchmen,107509799,2009,watchmen
761,The Angry Birds Movie,107509366,2016,the angry birds movie
762,Batman & Robin,107353792,1997,batman & robin
763,Captain Phillips,107100855,2013,captain phillips
764,Chicken Run,107071709,2000,chicken run
765,Analyze This,106885658,1999,analyze this
766,Miss Congeniality,106807667,2000,miss congeniality
767,Indecent Proposal,106614059,1993,indecent proposal
768,Driving Miss Daisy,106593296,1989,driving miss daisy
769,300: Rise of an Empire,106580051,2014,300: rise of an empire
770,Love Story,106550690,1970,love story
771,GoldenEye,106429941,1995,goldeneye
772,Kramer vs. Kramer,106260000,1979,kramer vs. kramer
773,The Italian Job,106128601,2003,the italian job
774,The Lego Movie 2: The Second Part,105956290,2019,the lego movie 2: the second part
775,Smile,105935048,2022,smile
776,How to Lose a Guy in 10 Days,105813373,2003,how to lose a guy in 10 days
777,The First Wives Club,105489203,1996,the first wives club
778,The Lost City,105344029,2022,the lost city
779,Alien: Romulus,105313091,2024,alien: romulus
780,Robin Hood,105269730,2010,robin hood
781,Interview with the Vampire,105264608,1994,interview with the vampire
782,George of the Jungle,105263257,1997,george of the jungle
783,Hustlers,104963598,2019,hustlers
784,The Graduate,104945305,1967,the graduate
785,Pitch Perfect 3,104897530,2017,pitch perfect 3
786,Phenomenon,104636382,1996,phenomenon
787,American Wedding,104565114,2003,american wedding
788,Road to Perdition,104454762,2002,road to perdition
789,The Princess and the Frog,104400899,2009,the princess and the frog
790,The Chronicles of Narnia: The Voyage of the Dawn Treader,104386950,2010,the chronicles of narnia: the voyage of the dawn treader
791,Daddy Day Care,104297061,2003,daddy day care
792,Daddy's Home 2,104029443,2017,daddy's home 2
793,Paranormal Activity 3,104028807,2011,paranormal activity 3
794,Journey 2: The Mysterious Island,103887748,2012,journey 2: the mysterious island
795,The Mule,103804407,2018,the mule
796,Dick Tracy,103738726,1990,dick tracy
797,Rise of the Guardians,103412758,2012,rise of the guardians
798,Bullet Train,103368602,2022,bullet train
799,Dreamgirls,103365956,2006,dreamgirls
800,9 to 5,103290500,1980,9 to 5
801,Trolls Band Together,103270155,2023,trolls band together
802,Independence Day: Resurgence,103144286,2016,independence day: resurgence
803,GOAT,103071341,2026,goat
804,The Expendables,103068524,2010,the expendables
805,Scream,103046663,1996,scream
806,Just Go with It,103028109,2011,just go with it
807,Murder on the Orient Express,102826543,2017,murder on the orient express
808,The General's Daughter,102705852,1999,the general's daughter
809,Casper,102677077,1995,casper
810,The Aviator,102610330,2004,the aviator
811,American Pie,102561004,1999,american pie
812,Daredevil,102543518,2003,daredevil
813,The Conjuring 2,102516140,2016,the conjuring 2
814,The Girl with the Dragon Tattoo,102515793,2011,the girl with the dragon tattoo
815,The Mummy: Tomb of the Dragon Emperor,102491776,2008,the mummy: tomb of the dragon emperor
816,The Maze Runner,102427862,2014,the maze runner
817,In the Line of Fire,102314823,1993,in the line of fire
818,Butch Cassidy and the Sundance Kid,102308889,1969,butch cassidy and the sundance kid
819,Mary Poppins,102272727,1964,mary poppins
820,Bambi,102247150,1942,bambi
821,Annabelle: Creation,102092201,2017,annabelle: creation
822,The Equalizer 2,102084362,2018,the equalizer 2
823,Jackass Presents: Bad Grandpa,102003019,2013,jackass presents: bad grandpa
824,Seven,101871174,1995,seven
825,Pacific Rim,101802906,2013,pacific rim
826,Journey to the Center of the Earth,101704370,2008,journey to the center of the earth
827,Gone in 60 Seconds,101648571,2000,gone in 60 seconds
828,Maverick,101631272,1994,maverick
829,Sleeping with the Enemy,101599005,1991,sleeping with the enemy
830,The Equalizer,101530738,2014,the equalizer
831,This Is the End,101470202,2013,this is the end
832,Eagle Eye,101440743,2008,eagle eye
833,The Prince of Egypt,101413188,1998,the prince of egypt
834,Scream 2,101363301,1997,scream 2
835,Stir Crazy,101300000,1980,stir crazy
836,Eraser,101295562,1996,eraser
837,Noah,101200044,2014,noah
838,Unforgiven,101167799,1992,unforgiven
839,The Cat in the Hat,101149285,2003,the cat in the hat
840,Con Air,101117573,1997,con air
841,Sleepy Hollow,101071502,1999,sleepy hollow
842,Rampage,101028233,2018,rampage
843,Collateral,101005703,2004,collateral
844,Contact,100920329,1997,contact
845,Godzilla vs. Kong,100916094,2021,godzilla vs. kong
846,Charlie's Angels: Full Throttle,100830111,2003,charlie's angels: full throttle
847,The Pelican Brief,100768056,1993,the pelican brief
848,The Addams Family,100723831,2019,the addams family
849,Vanilla Sky,100618344,2001,vanilla sky
850,Arrival,100546139,2016,arrival
851,Due Date,100539043,2010,due date
852,Jumanji,100499940,1995,jumanji
853,The Rugrats Movie,100494675,1998,the rugrats movie
854,Million Dollar Baby,100492203,2004,million dollar baby
855,Airport,100489151,1970,airport
856,A Wrinkle in Time,100478608,2018,a wrinkle in time
857,Step Brothers,100468793,2008,step brothers
858,Evan Almighty,100462298,2007,evan almighty
859,Fifty Shades Freed,100407760,2018,fifty shades freed
860,Shakespeare in Love,100317794,1998,shakespeare in love
861,Bad Teacher,100292856,2011,bad teacher
862,Yogi Bear,100246011,2010,yogi bear
863,Cowboys & Aliens,100240551,2011,cowboys & aliens
864,Kingsman: The Golden Circle,100234838,2017,kingsman: the golden circle
865,Edge of Tomorrow,100206256,2014,edge of tomorrow
866,The Hunchback of Notre Dame,100138851,1996,the hunchback of notre dame
867,Parenthood,100047830,1989,parenthood
868,You Don't Mess with the Zohan,100018837,2008,you don't mess with the zohan
869,Passengers,100014699,2016,passengers
870,Die Hard with a Vengeance,100012499,1995,die hard with a vengeance
871,Gnomeo & Juliet,99967670,2011,gnomeo & juliet
872,Christopher Robin,99215042,2018,christopher robin
873,Hercules,99112101,1997,hercules
874,Olympus Has Fallen,98925640,2013,olympus has fallen
875,The Green Hornet,98780042,2011,the green hornet
876,Date Night,98711404,2010,date night
877,The Color Purple,98467863,1985,the color purple
878,Dog Man,97970355,2025,dog man
879,Meet the Robinsons,97822171,2007,meet the robinsons
880,Yes Man,97690976,2008,yes man
881,Sausage Party,97685686,2016,sausage party
882,The Bad Guys,97459240,2022,the bad guys
883,Inspector Gadget,97403112,1999,inspector gadget
884,Public Enemies,97104620,2009,public enemies
885,Red One,97000759,2024,red one
886,Bob Marley: One Love,96981216,2024,bob marley: one love
887,The Social Network,96962694,2010,the social network
888,Schindler's List,96898818,1993,schindler's list
889,Downton Abbey,96853865,2019,downton abbey
890,The Others,96578502,2001,the others
891,Legally Blonde,96520674,2001,legally blonde
892,Panic Room,96397334,2002,panic room
893,Rocketman,96368160,2019,rocketman
894,Encanto,96093622,2021,encanto
895,Apocalypse Now,96074376,1979,apocalypse now
896,Marty Supreme,96020307,2025,marty supreme
897,Dead Poets Society,95860116,1989,dead poets society
898,Fantastic Beasts: The Secrets of Dumbledore,95850844,2022,fantastic beasts: the secrets of dumbledore
899,Zero Dark Thirty,95720716,2012,zero dark thirty
900,Norbit,95673607,2007,norbit
901,Cold Mountain,95636509,2003,cold mountain
902,Nosferatu,95608235,2024,nosferatu
903,Arthur,95461682,1981,arthur
904,Sex and the City 2,95347692,2010,sex and the city 2
905,Michael,95318203,1996,michael
906,The Princess Diaries 2: Royal Engagement,95170481,2004,the princess diaries 2: royal engagement
907,M3GAN,95159005,2023,m3gan
908,42,95059709,2013,42
909,Unbreakable,95011339,2000,unbreakable
910,The Book of Eli,94835059,2010,the book of eli
911,"10,000 BC",94784201,2008,"10,000 bc"
912,The Nightmare Before Christmas,94707435,1993,the nightmare before christmas
913,Beverly Hills Chihuahua,94514402,2008,beverly hills chihuahua
914,Saturday Night Fever,94213184,1977,saturday night fever
915,Freakier Friday,94186236,2025,freakier friday
916,Julie & Julia,94125426,2009,julie & julia
917,The Mask of Zorro,94095523,1998,the mask of zorro
918,Maid in Manhattan,94011225,2002,maid in manhattan
919,He's Just Not That Into You,93953653,2009,he's just not that into you
920,Master and Commander: The Far Side of the World,93927920,2003,master and commander: the far side of the world
921,Flight,93772375,2012,flight
922,DC League of Super-Pets,93657117,2022,dc league of super-pets
923,The Fighter,93617009,2010,the fighter
924,America's Sweethearts,93607673,2001,america's sweethearts
925,Lady and the Tramp,93602326,1955,lady and the tramp
926,Dungeons & Dragons: Honor Among Thieves,93549650,2023,dungeons & dragons: honor among thieves
927,The Bucket List,93466502,2007,the bucket list
928,Tomorrowland,93436322,2015,tomorrowland
929,The Magnificent Seven,93432655,2016,the magnificent seven
930,Cats & Dogs,93385515,2001,cats & dogs
931,Space Station 3D,93383953,2002,space station 3d
932,Two Weeks Notice,93354851,2002,two weeks notice
933,Red Dragon,93149898,2002,red dragon
934,Cinderella,93141149,1950,cinderella
935,When Harry Met Sally...,93117425,1989,when harry met sally...
936,Elysium,93050117,2013,elysium
937,Flubber,92977226,1997,flubber
938,Flashdance,92921203,1983,flashdance
939,The Fall Guy,92900355,2024,the fall guy
940,The Equalizer 3,92373751,2023,the equalizer 3
941,The Town,92186262,2010,the town
942,Non-Stop,92168600,2014,non-stop
943,The Client,92115211,1994,the client
944,Blade Runner 2049,92071675,2017,blade runner 2049
945,John Wick: Chapter 2,92029184,2017,john wick: chapter 2
946,Star Trek: First Contact,92027888,1996,star trek: first contact
947,Halloween Kills,92002155,2021,halloween kills
948,The Garfield Movie,91956547,2024,the garfield movie
949,Think Like a Man,91547205,2012,think like a man
950,Kindergarten Cop,91457688,1990,kindergarten cop
951,Heaven Is for Real,91443253,2014,heaven is for real
952,The Haunting,91411151,1999,the haunting
953,Crimson Tide,91387195,1995,crimson tide
954,Back to School,91258000,1986,back to school
955,Ride Along 2,91221830,2016,ride along 2
956,Stepmom,91137662,1998,stepmom
957,The Imitation Game,91125683,2014,the imitation game
958,Predator: Badlands,91083631,2025,predator: badlands
959,The Karate Kid,91077276,1984,the karate kid
960,Save the Last Dance,91057006,2001,save the last dance
961,The Scorpion King,91047077,2002,the scorpion king
962,Prince of Persia: The Sands of Time,90759676,2010,prince of persia: the sands of time
963,Antz,90757863,1998,antz
964,Scary Movie 4,90710620,2006,scary movie 4
965,The Game Plan,90648202,2007,the game plan
966,Space Jam,90594962,1996,space jam
967,"Me, Myself & Irene",90570999,2000,"me, myself & irene"
968,High School Musical 3: Senior Year,90559416,2008,high school musical 3: senior year
969,Madea Goes to Jail,90508336,2009,madea goes to jail
970,Space Cowboys,90464773,2000,space cowboys
971,Get Hard,90411453,2015,get hard
972,Trading Places,90404800,1983,trading places
973,RED,90380162,2010,red
974,Planes,90288712,2013,planes
975,Where the Crawdads Sing,90230760,2022,where the crawdads sing
976,"Legally Blonde 2: Red, White & Blonde",90186328,2003,"legally blonde 2: red, white & blonde"
977,Mystic River,90135191,2003,mystic river
978,The Black Phone,90123230,2022,the black phone
979,Terminator Genisys,89760956,2015,terminator genisys
980,Flightplan,89707299,2005,flightplan
981,The Emperor's New Groove,89636687,2000,the emperor's new groove
982,Father of the Bride,89325780,1991,father of the bride
983,The Lone Ranger,89302115,2013,the lone ranger
984,Taken 3,89256424,2015,taken 3
985,Don't Breathe,89217875,2016,don't breathe
986,Scream 3,89143175,2000,scream 3
987,Oblivion,89107235,2013,oblivion
988,The Ugly Truth,88915214,2009,the ugly truth
989,Percy Jackson & the Olympians: The Lightning Thief,88768303,2010,percy jackson & the olympians: the lightning thief
990,Failure to Launch,88715192,2006,failure to launch
991,The Muppets,88631237,2011,the muppets
992,Inside Man,88513495,2006,inside man
993,Anyone But You,88319668,2023,anyone but you
994,Back to the Future Part III,88277583,1990,back to the future part iii
995,Waterworld,88246220,1995,waterworld
996,Starsky & Hutch,88237754,2004,starsky & hutch
997,Along Came Polly,88097164,2004,along came polly
998,The Hand That Rocks the Cradle,88036683,1992,the hand that rocks the cradle
999,Entrapment,87704396,1999,entrapment
1000,Peter Pan,87404651,1953,peter pan
